{
    "Session Name": "test",
    "Session Description": "test",
    "Project ID": "1",
    "Experiment ID": "kkkk-11",
    "Model Results": {
        "Random Forest Regressor": {
            "best_score": 0.24423552384253294,
            "best_params": {
                "max_features": 1
            },
            "cv_results": {
                "mean_fit_time": [
                    0.09424448013305664,
                    0.08542931079864502,
                    0.087799072265625
                ],
                "std_fit_time": [
                    0.0012731552124023438,
                    0.0053196573708504365,
                    0.004486179691003571
                ],
                "mean_score_time": [
                    0.005333125591278076,
                    0.006740987300872803,
                    0.003563821315765381
                ],
                "std_score_time": [
                    0.0035735101608281475,
                    0.004380606594316734,
                    0.004227784075085794
                ],
                "param_max_features": [
                    1,
                    2,
                    3
                ],
                "params": [
                    {
                        "max_features": 1
                    },
                    {
                        "max_features": 2
                    },
                    {
                        "max_features": 3
                    }
                ],
                "split0_test_score": [
                    0.4209961438144505,
                    0.389016147083307,
                    0.322755468233198
                ],
                "split1_test_score": [
                    0.22781086425502176,
                    0.06996242601909218,
                    0.057127244292654825
                ],
                "split2_test_score": [
                    0.2576121047855365,
                    0.06000739000495447,
                    0.060673459504822266
                ],
                "split3_test_score": [
                    0.07052298251512297,
                    0.04851019483557528,
                    0.05717777772604581
                ],
                "mean_test_score": [
                    0.24423552384253294,
                    0.14187403948573224,
                    0.12443348743918023
                ],
                "std_test_score": [
                    0.12436746574926069,
                    0.14288934292330363,
                    0.1145102725564059
                ],
                "rank_test_score": [
                    1,
                    2,
                    3
                ]
            }
        }
    }
}