{
    "Session Name": "test",
    "Session Description": "test",
    "Project ID": "1",
    "Experiment ID": "kkkk-11",
    "Model Results": {
        "Random Forest Classifier": {
            "best_score": 0.9,
            "best_params": {
                "n_estimators": 100
            },
            "cv_results": {
                "mean_fit_time": [
                    0.07209789752960205,
                    0.11905449628829956
                ],
                "std_fit_time": [
                    0.004225516041078854,
                    0.0063694908218222
                ],
                "mean_score_time": [
                    0.005860507488250732,
                    0.00685429573059082
                ],
                "std_score_time": [
                    0.0009299299967635283,
                    0.0005607607007837253
                ],
                "param_n_estimators": [
                    50,
                    100
                ],
                "params": [
                    {
                        "n_estimators": 50
                    },
                    {
                        "n_estimators": 100
                    }
                ],
                "split0_test_score": [
                    0.8666666666666667,
                    0.8666666666666667
                ],
                "split1_test_score": [
                    0.9333333333333333,
                    0.9333333333333333
                ],
                "split2_test_score": [
                    0.8,
                    0.9
                ],
                "split3_test_score": [
                    0.9,
                    0.9
                ],
                "mean_test_score": [
                    0.875,
                    0.9
                ],
                "std_test_score": [
                    0.04930066485916346,
                    0.02357022603955158
                ],
                "rank_test_score": [
                    2,
                    1
                ]
            }
        },
        "Gradient Boosted Trees": {
            "best_score": 0.9333333333333333,
            "best_params": {
                "n_estimators": 50
            },
            "cv_results": {
                "mean_fit_time": [
                    0.10608965158462524,
                    0.216502845287323
                ],
                "std_fit_time": [
                    0.0073937352732042615,
                    0.019439185237888196
                ],
                "mean_score_time": [
                    0.0020332932472229004,
                    0.001875758171081543
                ],
                "std_score_time": [
                    6.196851007562109e-05,
                    0.0002720441396895354
                ],
                "param_n_estimators": [
                    50,
                    100
                ],
                "params": [
                    {
                        "n_estimators": 50
                    },
                    {
                        "n_estimators": 100
                    }
                ],
                "split0_test_score": [
                    0.9333333333333333,
                    0.9333333333333333
                ],
                "split1_test_score": [
                    0.9333333333333333,
                    0.9333333333333333
                ],
                "split2_test_score": [
                    0.9333333333333333,
                    0.9333333333333333
                ],
                "split3_test_score": [
                    0.9333333333333333,
                    0.9333333333333333
                ],
                "mean_test_score": [
                    0.9333333333333333,
                    0.9333333333333333
                ],
                "std_test_score": [
                    0.0,
                    0.0
                ],
                "rank_test_score": [
                    1,
                    1
                ]
            }
        },
        "LogisticRegression": {
            "best_score": 0.9733333333333334,
            "best_params": [
                [
                    -2.788419753070548,
                    0.9413520378775406,
                    0.0320465968863569
                ],
                [
                    -0.3034604164599787,
                    0.21489440058545575,
                    -1.0228524878352465
                ],
                [
                    3.091880169530527,
                    -1.156246438462996,
                    0.9908058909488894
                ]
            ]
        }
    }
}