{
    "Session Name": "test",
    "Session Description": "test",
    "Project ID": "1",
    "Experiment ID": "kkkk-11",
    "Model Results": {
        "Random Forest Regressor": {
            "best_score": 0.246325711791159,
            "best_params": {
                "max_features": 1
            },
            "cv_results": {
                "mean_fit_time": [
                    0.09102094173431396,
                    0.09366697072982788,
                    0.10480505228042603
                ],
                "std_fit_time": [
                    0.0035914305088998065,
                    0.007790290266530492,
                    0.004939050208400284
                ],
                "mean_score_time": [
                    0.006987869739532471,
                    0.009414851665496826,
                    0.007488727569580078
                ],
                "std_score_time": [
                    0.00046763047703620326,
                    0.003360598926706425,
                    0.00197394851706184
                ],
                "param_max_features": [
                    1,
                    2,
                    3
                ],
                "params": [
                    {
                        "max_features": 1
                    },
                    {
                        "max_features": 2
                    },
                    {
                        "max_features": 3
                    }
                ],
                "split0_test_score": [
                    0.483169188497438,
                    0.46563595102542904,
                    0.2853709922354589
                ],
                "split1_test_score": [
                    0.21625260309914351,
                    0.09208059276988138,
                    0.05780305140602489
                ],
                "split2_test_score": [
                    0.19737893261500358,
                    0.06832265661775647,
                    0.0636380020735602
                ],
                "split3_test_score": [
                    0.08850212295305089,
                    0.04702112607831928,
                    0.05632460871412766
                ],
                "mean_test_score": [
                    0.246325711791159,
                    0.16826508162284656,
                    0.1157841636072929
                ],
                "std_test_score": [
                    0.14517515000007666,
                    0.1724254153126916,
                    0.09794917386973008
                ],
                "rank_test_score": [
                    1,
                    2,
                    3
                ]
            }
        },
        "Gradient Boosted Trees": {
            "best_score": 0.08053379198093027,
            "best_params": {
                "max_features": 1
            },
            "cv_results": {
                "mean_fit_time": [
                    0.04477769136428833,
                    0.05596226453781128,
                    0.0562095046043396
                ],
                "std_fit_time": [
                    0.004132456993782249,
                    0.009251799726492559,
                    0.005882911361379076
                ],
                "mean_score_time": [
                    0.0010020732879638672,
                    0.00044280290603637695,
                    0.0011692047119140625
                ],
                "std_score_time": [
                    9.523322676063181e-06,
                    0.0003562031969088997,
                    0.00028384184943871957
                ],
                "param_max_features": [
                    1,
                    2,
                    3
                ],
                "params": [
                    {
                        "max_features": 1
                    },
                    {
                        "max_features": 2
                    },
                    {
                        "max_features": 3
                    }
                ],
                "split0_test_score": [
                    0.13968441528395648,
                    0.0421658441959086,
                    0.053182796535386004
                ],
                "split1_test_score": [
                    0.09300465502339939,
                    0.043718595571156885,
                    0.04287634588156591
                ],
                "split2_test_score": [
                    0.055268819139058324,
                    0.04216417502959258,
                    0.0550685235880616
                ],
                "split3_test_score": [
                    0.03417727847730687,
                    0.04890454513813956,
                    0.06849110282965833
                ],
                "mean_test_score": [
                    0.08053379198093027,
                    0.044238289983699414,
                    0.05490469220866796
                ],
                "std_test_score": [
                    0.040129676858506706,
                    0.002767715837787031,
                    0.009114047322093111
                ],
                "rank_test_score": [
                    1,
                    3,
                    2
                ]
            }
        },
        "LinearRegression": {
            "best_score": 0.9380481344518986,
            "best_params": [
                0.3798254967098659,
                -0.0699095044720972,
                0.4734628515513241
            ]
        },
        "RidgeRegression": {
            "best_score": 0.04024985920125697,
            "best_params": {
                "alpha": 3
            },
            "cv_results": {
                "mean_fit_time": [
                    0.0007527470588684082,
                    0.0006799697875976562,
                    0.0010606050491333008
                ],
                "std_fit_time": [
                    0.00043462596521170354,
                    0.00040895489985617157,
                    6.35385513305664e-05
                ],
                "mean_score_time": [
                    0.0008497238159179688,
                    0.000747382640838623,
                    0.0
                ],
                "std_score_time": [
                    0.0005169384627526172,
                    0.0002482928545723061,
                    0.0
                ],
                "param_alpha": [
                    1,
                    2,
                    3
                ],
                "params": [
                    {
                        "alpha": 1
                    },
                    {
                        "alpha": 2
                    },
                    {
                        "alpha": 3
                    }
                ],
                "split0_test_score": [
                    0.02815248870417282,
                    0.028926847896198076,
                    0.029330962565139854
                ],
                "split1_test_score": [
                    0.03889999966045692,
                    0.04162814157924271,
                    0.04379590837512536
                ],
                "split2_test_score": [
                    0.043860740034625034,
                    0.044851430270346944,
                    0.0458260168610213
                ],
                "split3_test_score": [
                    0.03966142895549489,
                    0.040869067036810605,
                    0.04204654900374135
                ],
                "mean_test_score": [
                    0.03764366433868742,
                    0.039068871695649585,
                    0.04024985920125697
                ],